{"secretFileDates":{"secrets.json":580322151.3450135,"secrets2.json":580322151.47839558}}